Title,Link,Snippet,Email,Address,Phone
Apple,https://www.linkedin.com/company/apple,"External link for Apple. Industry: Computers and Electronics Manufacturing. Company size: 10,001+ employees. Headquarters: Cupertino, California. Type: Public ...",Not found,Not found,Not found
APPLE INC.,https://www.linkedin.com/company/iphones11,"APPLE INC. Computers and Electronics Manufacturing new technology,new designs,new unique and efficient power,new apple world.",Not found,Not found,Not found
APPLE INC,https://www.linkedin.com/pulse/apple-inc-akshayakeerthi-muthusamy-jf9ic,"Apple Inc. is an American multinational corporation and technology company headquartered in Cupertino, California, in Silicon Valley.",Not found,Not found,Not found
Apple Inc.: A Masterclass in Innovation and Consumer ...,https://www.linkedin.com/pulse/apple-inc-masterclass-innovation-consumer-experience-kaizentechbd-jgenc,"This blog delves into Apple's remarkable journey, exploring how its commitment to design, user experience, and ecosystem integration has set it apart.",Not found,Not found,Not found
20 Interesting facts about Apple Inc You Didn't Know,https://www.linkedin.com/pulse/20-interesting-facts-apple-inc-you-didnt-know-priyanka-sharma,1. Apple Has More Cash Than the US Government 2. Apple's First Computer Sold for $666.66 3. Apple's First Logo Featured Isaac Newton 4. Apple Launched a ...,Not found,Not found,Not found
Apple Inc,https://www.linkedin.com/pulse/apple-inc-kofi-edugyan-2nemc,Just here with another article about a computer company that you are all familiar with and know pretty well.,Not found,Not found,Not found
Apple Inc.: Pioneering Innovation and Design,https://www.linkedin.com/pulse/apple-inc-pioneering-innovation-design-pradeepkumar-r-tzmhf,"Apple Inc., founded by Steve Jobs, Steve Wozniak, and Ronald Wayne in 1976, has emerged as a global technology leader renowned for its ...",Not found,Not found,Not found
Apple Inc.,https://www.linkedin.com/pulse/apple-inc-marcelo-a-serafim,"Apple Inc., founded in 1976 by Steve Jobs, Steve Wozniak, and Ronald Wayne, is a multinational technology company based in Cupertino, ...",Not found,Not found,Not found
"The Apple Inc. Story: Innovation, Design, and Global Impact",https://www.linkedin.com/pulse/apple-inc-story-innovation-design-global-impact-udhayavanan-m-0ha6c,"Apple products are renowned for their minimalist design, premium build quality, and attention to detail, setting them apart in a crowded market.",Not found,Not found,Not found
Mark Gurman's Post,https://www.linkedin.com/posts/markgurman_apple-inc-the-worlds-most-valuable-company-activity-7257858541741330432-3THA,"Apple Inc., the world's most valuable company, reported fiscal fourth-quarter revenue that met Wall Street estimates, though sales remained ...",Not found,Not found,Not found
